"DESCRIPTION","DURATION IN MS","NAME","PARENT SUITE","START TIME","STATUS","STOP TIME","SUB SUITE","SUITE","TEST CLASS","TEST METHOD"
"","284","Verify DELETE method returns successful response","Enterprise API Automation Suite","2026-10-10","passed","2026-10-10","com.enterprise.api.tests.httpbin.HttpMethodsTests","HttpBin Protocol Tests","com.enterprise.api.tests.httpbin.HttpMethodsTests","testHttpDeleteMethod"
"","126","Verify adding a product with boundary zero price","Enterprise API Automation Suite","2026-10-10","passed","2026-10-10","com.enterprise.api.tests.dummyjson.ProductValidationTests","DummyJSON Tests","com.enterprise.api.tests.dummyjson.ProductValidationTests","testAddProductZeroPrice"
"","253","Verify filtering booking IDs with query parameters","Enterprise API Automation Suite","2026-10-10","passed","2026-10-10","com.enterprise.api.tests.booker.GetBookingTests","Restful-Booker Tests","com.enterprise.api.tests.booker.GetBookingTests","testFilterBookingIds"
"","287","Verify pagination with variable limit and skip parameters","Enterprise API Automation Suite","2026-10-10","passed","2026-10-10","com.enterprise.api.tests.dummyjson.ProductCrudTests","DummyJSON Tests","com.enterprise.api.tests.dummyjson.ProductCrudTests","testProductPagination"
"","283","Verify PATCH method echoes modified partial payload properly","Enterprise API Automation Suite","2026-10-10","passed","2026-10-10","com.enterprise.api.tests.httpbin.HttpMethodsTests","HttpBin Protocol Tests","com.enterprise.api.tests.httpbin.HttpMethodsTests","testHttpPatchWithJsonPayload"
"","128","Verify filtering products by category","Enterprise API Automation Suite","2026-10-10","passed","2026-10-10","com.enterprise.api.tests.dummyjson.ProductCrudTests","DummyJSON Tests","com.enterprise.api.tests.dummyjson.ProductCrudTests","testGetProductsByCategory"
"","125","Verify product search functionality","Enterprise API Automation Suite","2026-10-10","passed","2026-10-10","com.enterprise.api.tests.dummyjson.ProductCrudTests","DummyJSON Tests","com.enterprise.api.tests.dummyjson.ProductCrudTests","testSearchProducts"
"","656","Verify User-Agent header reflects correctly","Enterprise API Automation Suite","2026-10-10","passed","2026-10-10","com.enterprise.api.tests.httpbin.HttpHeadersAndAuthTests","HttpBin Protocol Tests","com.enterprise.api.tests.httpbin.HttpHeadersAndAuthTests","testUserAgentInspection"
"","134","Verify login failure with incorrect credentials","Enterprise API Automation Suite","2026-10-10","passed","2026-10-10","com.enterprise.api.tests.dummyjson.DummyJsonAuthTests","DummyJSON Tests","com.enterprise.api.tests.dummyjson.DummyJsonAuthTests","testLoginWithInvalidCredentials"
"","129","Verify filtering users by specific attribute criteria","Enterprise API Automation Suite","2026-10-10","passed","2026-10-10","com.enterprise.api.tests.dummyjson.UserManagementTests","DummyJSON Tests","com.enterprise.api.tests.dummyjson.UserManagementTests","testFilterUsers"
"","196","Verify deleting a user returns 204 No Content","Enterprise API Automation Suite","2026-10-10","passed","2026-10-10","com.enterprise.api.tests.reqres.ReqresUserTests","ReqRes Tests","com.enterprise.api.tests.reqres.ReqresUserTests","testDeleteUser"
"","507","Verify partial update (PATCH) of depositpaid flag","Enterprise API Automation Suite","2026-10-10","passed","2026-10-10","com.enterprise.api.tests.booker.UpdateBookingTests","Restful-Booker Tests","com.enterprise.api.tests.booker.UpdateBookingTests","testPartialUpdateDepositPaid"
"","352","Verify framework handles all standard 2xx, 4xx, and 5xx HTTP response codes accurately","Enterprise API Automation Suite","2026-10-10","passed","2026-10-10","com.enterprise.api.tests.httpbin.HttpStatusCodesTests","HttpBin Protocol Tests","com.enterprise.api.tests.httpbin.HttpStatusCodesTests","testHttpStatusCodes"
"","518","Verify partial update (PATCH) of firstname and lastname","Enterprise API Automation Suite","2026-10-10","passed","2026-10-10","com.enterprise.api.tests.booker.UpdateBookingTests","Restful-Booker Tests","com.enterprise.api.tests.booker.UpdateBookingTests","testPartialUpdateFirstnameAndLastname"
"","271","Verify framework handles all standard 2xx, 4xx, and 5xx HTTP response codes accurately","Enterprise API Automation Suite","2026-10-10","passed","2026-10-10","com.enterprise.api.tests.httpbin.HttpStatusCodesTests","HttpBin Protocol Tests","com.enterprise.api.tests.httpbin.HttpStatusCodesTests","testHttpStatusCodes"
"","276","Verify propagation of enterprise HTTP headers","Enterprise API Automation Suite","2026-10-10","passed","2026-10-10","com.enterprise.api.tests.httpbin.HttpHeadersAndAuthTests","HttpBin Protocol Tests","com.enterprise.api.tests.httpbin.HttpHeadersAndAuthTests","testCustomHeadersReflection"
"","191","Verify registration fails with 400 Bad Request when required fields are missing","Enterprise API Automation Suite","2026-10-10","passed","2026-10-10","com.enterprise.api.tests.reqres.ReqresAuthTests","ReqRes Tests","com.enterprise.api.tests.reqres.ReqresAuthTests","testRegisterUnsuccessful"
"","275","Verify framework handles all standard 2xx, 4xx, and 5xx HTTP response codes accurately","Enterprise API Automation Suite","2026-10-10","passed","2026-10-10","com.enterprise.api.tests.httpbin.HttpStatusCodesTests","HttpBin Protocol Tests","com.enterprise.api.tests.httpbin.HttpStatusCodesTests","testHttpStatusCodes"
"","126","Verify partial update of an existing product (PATCH)","Enterprise API Automation Suite","2026-10-10","passed","2026-10-10","com.enterprise.api.tests.dummyjson.ProductCrudTests","DummyJSON Tests","com.enterprise.api.tests.dummyjson.ProductCrudTests","testPatchProduct"
"","127","Verify filtering products by category","Enterprise API Automation Suite","2026-10-10","passed","2026-10-10","com.enterprise.api.tests.dummyjson.ProductCrudTests","DummyJSON Tests","com.enterprise.api.tests.dummyjson.ProductCrudTests","testGetProductsByCategory"
"","134","Verify pagination with variable limit and skip parameters","Enterprise API Automation Suite","2026-10-10","passed","2026-10-10","com.enterprise.api.tests.dummyjson.ProductCrudTests","DummyJSON Tests","com.enterprise.api.tests.dummyjson.ProductCrudTests","testProductPagination"
"","153","Verify product search functionality","Enterprise API Automation Suite","2026-10-10","passed","2026-10-10","com.enterprise.api.tests.dummyjson.ProductCrudTests","DummyJSON Tests","com.enterprise.api.tests.dummyjson.ProductCrudTests","testSearchProducts"
"","143","Verify creating a new product","Enterprise API Automation Suite","2026-10-10","passed","2026-10-10","com.enterprise.api.tests.dummyjson.ProductCrudTests","DummyJSON Tests","com.enterprise.api.tests.dummyjson.ProductCrudTests","testAddProduct"
"","152","Verify login failure with incorrect credentials","Enterprise API Automation Suite","2026-10-10","passed","2026-10-10","com.enterprise.api.tests.dummyjson.DummyJsonAuthTests","DummyJSON Tests","com.enterprise.api.tests.dummyjson.DummyJsonAuthTests","testLoginWithInvalidCredentials"
"","278","Verify Bearer Token authentication without token returns 401 Unauthorized","Enterprise API Automation Suite","2026-10-10","passed","2026-10-10","com.enterprise.api.tests.httpbin.HttpHeadersAndAuthTests","HttpBin Protocol Tests","com.enterprise.api.tests.httpbin.HttpHeadersAndAuthTests","testBearerAuthMissingToken"
"","109","Verify retrieving carts for a specific user ID","Enterprise API Automation Suite","2026-10-10","passed","2026-10-10","com.enterprise.api.tests.dummyjson.CartManagementTests","DummyJSON Tests","com.enterprise.api.tests.dummyjson.CartManagementTests","testGetCartsByUserId"
"","505","Verify retrieving single booking details by valid ID","Enterprise API Automation Suite","2026-10-10","passed","2026-10-10","com.enterprise.api.tests.booker.GetBookingTests","Restful-Booker Tests","com.enterprise.api.tests.booker.GetBookingTests","testGetBookingDetailsById"
"","198","Verify successful registration with valid credentials","Enterprise API Automation Suite","2026-10-10","passed","2026-10-10","com.enterprise.api.tests.reqres.ReqresAuthTests","ReqRes Tests","com.enterprise.api.tests.reqres.ReqresAuthTests","testRegisterSuccessful"
"","511","Verify 403 Forbidden when deleting booking with invalid token","Enterprise API Automation Suite","2026-10-10","passed","2026-10-10","com.enterprise.api.tests.booker.DeleteBookingTests","Restful-Booker Tests","com.enterprise.api.tests.booker.DeleteBookingTests","testDeleteBookingWithInvalidToken"
"","196","Verify partial update of a user using PATCH","Enterprise API Automation Suite","2026-10-10","passed","2026-10-10","com.enterprise.api.tests.reqres.ReqresUserTests","ReqRes Tests","com.enterprise.api.tests.reqres.ReqresUserTests","testUpdateUserPatch"
"","278","Verify GET method echoes query parameters properly","Enterprise API Automation Suite","2026-10-10","passed","2026-10-10","com.enterprise.api.tests.httpbin.HttpMethodsTests","HttpBin Protocol Tests","com.enterprise.api.tests.httpbin.HttpMethodsTests","testHttpGetWithQueryParams"
"","254","Verify booking creation with special characters in names","Enterprise API Automation Suite","2026-10-10","passed","2026-10-10","com.enterprise.api.tests.booker.CreateBookingTests","Restful-Booker Tests","com.enterprise.api.tests.booker.CreateBookingTests","testCreateBookingWithSpecialCharacters"
"","252","Verify API handling when required booking fields are missing","Enterprise API Automation Suite","2026-10-10","passed","2026-10-10","com.enterprise.api.tests.booker.CreateBookingTests","Restful-Booker Tests","com.enterprise.api.tests.booker.CreateBookingTests","testCreateBookingWithMissingFields"
"","337","Verify creating users with data-driven profiles","Enterprise API Automation Suite","2026-10-10","passed","2026-10-10","com.enterprise.api.tests.reqres.ReqresUserTests","ReqRes Tests","com.enterprise.api.tests.reqres.ReqresUserTests","testCreateUser"
"","60","Verify that all returned products have non-negative stock","Enterprise API Automation Suite","2026-10-10","passed","2026-10-10","com.enterprise.api.tests.dummyjson.ProductValidationTests","DummyJSON Tests","com.enterprise.api.tests.dummyjson.ProductValidationTests","testProductStockNonNegative"
"Verify that bad credentials return reason 'Bad credentials'","269","Verify authentication failure with invalid or empty credentials","Enterprise API Automation Suite","2026-10-10","passed","2026-10-10","com.enterprise.api.tests.booker.BookerAuthTests","Restful-Booker Tests","com.enterprise.api.tests.booker.BookerAuthTests","testAuthWithInvalidCredentials"
"","129","Verify 401 Unauthorized when retrieving user profile without token","Enterprise API Automation Suite","2026-10-10","passed","2026-10-10","com.enterprise.api.tests.dummyjson.DummyJsonAuthTests","DummyJSON Tests","com.enterprise.api.tests.dummyjson.DummyJsonAuthTests","testGetCurrentUserWithoutToken"
"","283","Verify PUT method echoes updated payload properly","Enterprise API Automation Suite","2026-10-10","passed","2026-10-10","com.enterprise.api.tests.httpbin.HttpMethodsTests","HttpBin Protocol Tests","com.enterprise.api.tests.httpbin.HttpMethodsTests","testHttpPutWithJsonPayload"
"","137","Verify deleting a cart (DELETE /carts/{id})","Enterprise API Automation Suite","2026-10-10","passed","2026-10-10","com.enterprise.api.tests.dummyjson.CartManagementTests","DummyJSON Tests","com.enterprise.api.tests.dummyjson.CartManagementTests","testDeleteCart"
"","129","Verify product search functionality","Enterprise API Automation Suite","2026-10-10","passed","2026-10-10","com.enterprise.api.tests.dummyjson.ProductCrudTests","DummyJSON Tests","com.enterprise.api.tests.dummyjson.ProductCrudTests","testSearchProducts"
"","123","Verify pagination with variable limit and skip parameters","Enterprise API Automation Suite","2026-10-10","passed","2026-10-10","com.enterprise.api.tests.dummyjson.ProductCrudTests","DummyJSON Tests","com.enterprise.api.tests.dummyjson.ProductCrudTests","testProductPagination"
"","263","Verify querying booking with string/alphanumeric ID returns 404","Enterprise API Automation Suite","2026-10-10","passed","2026-10-10","com.enterprise.api.tests.booker.GetBookingTests","Restful-Booker Tests","com.enterprise.api.tests.booker.GetBookingTests","testGetBookingByInvalidFormatId"
"","247","Verify booking creation with boundary zero price","Enterprise API Automation Suite","2026-10-10","passed","2026-10-10","com.enterprise.api.tests.booker.CreateBookingTests","Restful-Booker Tests","com.enterprise.api.tests.booker.CreateBookingTests","testCreateBookingWithZeroPrice"
"","188","Verify login fails with 400 Bad Request on invalid credentials","Enterprise API Automation Suite","2026-10-10","passed","2026-10-10","com.enterprise.api.tests.reqres.ReqresAuthTests","ReqRes Tests","com.enterprise.api.tests.reqres.ReqresAuthTests","testLoginUnsuccessful"
"","344","Verify creating users with data-driven profiles","Enterprise API Automation Suite","2026-10-10","passed","2026-10-10","com.enterprise.api.tests.reqres.ReqresUserTests","ReqRes Tests","com.enterprise.api.tests.reqres.ReqresUserTests","testCreateUser"
"","67","Verify retrieving all users returns non-empty list and valid pagination","Enterprise API Automation Suite","2026-10-10","passed","2026-10-10","com.enterprise.api.tests.dummyjson.UserManagementTests","DummyJSON Tests","com.enterprise.api.tests.dummyjson.UserManagementTests","testGetAllUsers"
"","132","Verify filtering users by specific attribute criteria","Enterprise API Automation Suite","2026-10-10","passed","2026-10-10","com.enterprise.api.tests.dummyjson.UserManagementTests","DummyJSON Tests","com.enterprise.api.tests.dummyjson.UserManagementTests","testFilterUsers"
"","344","Verify creating users with data-driven profiles","Enterprise API Automation Suite","2026-10-10","passed","2026-10-10","com.enterprise.api.tests.reqres.ReqresUserTests","ReqRes Tests","com.enterprise.api.tests.reqres.ReqresUserTests","testCreateUser"
"","247","Verify API handling when required booking fields are missing","Enterprise API Automation Suite","2026-10-10","passed","2026-10-10","com.enterprise.api.tests.booker.CreateBookingTests","Restful-Booker Tests","com.enterprise.api.tests.booker.CreateBookingTests","testCreateBookingWithMissingFields"
"","211","Verify registration fails with 400 Bad Request when required fields are missing","Enterprise API Automation Suite","2026-10-10","passed","2026-10-10","com.enterprise.api.tests.reqres.ReqresAuthTests","ReqRes Tests","com.enterprise.api.tests.reqres.ReqresAuthTests","testRegisterUnsuccessful"
"","290","Verify Bearer Token authentication with valid token","Enterprise API Automation Suite","2026-10-10","passed","2026-10-10","com.enterprise.api.tests.httpbin.HttpHeadersAndAuthTests","HttpBin Protocol Tests","com.enterprise.api.tests.httpbin.HttpHeadersAndAuthTests","testBearerAuthValidToken"
"","113","Verify filtering products by category","Enterprise API Automation Suite","2026-10-10","passed","2026-10-10","com.enterprise.api.tests.dummyjson.ProductCrudTests","DummyJSON Tests","com.enterprise.api.tests.dummyjson.ProductCrudTests","testGetProductsByCategory"
"","123","Verify user email format integrity across the dataset","Enterprise API Automation Suite","2026-10-10","passed","2026-10-10","com.enterprise.api.tests.dummyjson.UserManagementTests","DummyJSON Tests","com.enterprise.api.tests.dummyjson.UserManagementTests","testUserEmailFormatIntegrity"
"","192","Verify 404 Not Found when retrieving non-existent user ID","Enterprise API Automation Suite","2026-10-10","passed","2026-10-10","com.enterprise.api.tests.reqres.ReqresUserTests","ReqRes Tests","com.enterprise.api.tests.reqres.ReqresUserTests","testGetUserNotFound"
"","264","Verify authentication with malformed JSON body","Enterprise API Automation Suite","2026-10-10","passed","2026-10-10","com.enterprise.api.tests.booker.BookerAuthTests","Restful-Booker Tests","com.enterprise.api.tests.booker.BookerAuthTests","testAuthWithMalformedJson"
"Simulates complete consumer journey: Logging in, browsing catalog, constructing cart with items, and validating calculations.","592","E2E Shopping Flow: Authenticate -> Discover Products -> Inspect Profile -> Create Cart -> Verify Checkout","Enterprise API Automation Suite","2026-10-10","passed","2026-10-10","com.enterprise.api.tests.e2e.E2EEcommerceOrderWorkflowTest","End-to-End Business Scenarios","com.enterprise.api.tests.e2e.E2EEcommerceOrderWorkflowTest","testCompleteEcommerceWorkflow"
"","257","Verify API handling when required booking fields are missing","Enterprise API Automation Suite","2026-10-10","passed","2026-10-10","com.enterprise.api.tests.booker.CreateBookingTests","Restful-Booker Tests","com.enterprise.api.tests.booker.CreateBookingTests","testCreateBookingWithMissingFields"
"","328","Verify HTTP Basic Auth with valid credentials","Enterprise API Automation Suite","2026-10-10","passed","2026-10-10","com.enterprise.api.tests.httpbin.HttpHeadersAndAuthTests","HttpBin Protocol Tests","com.enterprise.api.tests.httpbin.HttpHeadersAndAuthTests","testBasicAuthValidCredentials"
"","347","Verify user pagination returns correct page and record counts","Enterprise API Automation Suite","2026-10-10","passed","2026-10-10","com.enterprise.api.tests.reqres.ReqresUserTests","ReqRes Tests","com.enterprise.api.tests.reqres.ReqresUserTests","testGetUsersPagination"
"","123","Verify 404 Not Found when requesting non-existent product ID","Enterprise API Automation Suite","2026-10-10","passed","2026-10-10","com.enterprise.api.tests.dummyjson.ProductCrudTests","DummyJSON Tests","com.enterprise.api.tests.dummyjson.ProductCrudTests","testGetProductByNonExistentId"
"","749","Verify successful deletion of an existing booking with valid token","Enterprise API Automation Suite","2026-10-10","passed","2026-10-10","com.enterprise.api.tests.booker.DeleteBookingTests","Restful-Booker Tests","com.enterprise.api.tests.booker.DeleteBookingTests","testDeleteBookingWithValidToken"
"","132","Verify cart total math and item quantity calculations","Enterprise API Automation Suite","2026-10-10","passed","2026-10-10","com.enterprise.api.tests.dummyjson.CartManagementTests","DummyJSON Tests","com.enterprise.api.tests.dummyjson.CartManagementTests","testCartCalculationsIntegrity"
"","123","Verify retrieving single cart by valid ID and validating schema","Enterprise API Automation Suite","2026-10-10","passed","2026-10-10","com.enterprise.api.tests.dummyjson.CartManagementTests","DummyJSON Tests","com.enterprise.api.tests.dummyjson.CartManagementTests","testGetCartById"
"","294","Verify token refresh flow returns refreshed access token","Enterprise API Automation Suite","2026-10-10","passed","2026-10-10","com.enterprise.api.tests.dummyjson.DummyJsonAuthTests","DummyJSON Tests","com.enterprise.api.tests.dummyjson.DummyJsonAuthTests","testRefreshTokenFlow"
"","248","Verify filtering booking IDs with query parameters","Enterprise API Automation Suite","2026-10-10","passed","2026-10-10","com.enterprise.api.tests.booker.GetBookingTests","Restful-Booker Tests","com.enterprise.api.tests.booker.GetBookingTests","testFilterBookingIds"
"","284","Verify propagation of enterprise HTTP headers","Enterprise API Automation Suite","2026-10-10","passed","2026-10-10","com.enterprise.api.tests.httpbin.HttpHeadersAndAuthTests","HttpBin Protocol Tests","com.enterprise.api.tests.httpbin.HttpHeadersAndAuthTests","testCustomHeadersReflection"
"","255","Verify booking creation with HTML/Script tags (XSS Resilience)","Enterprise API Automation Suite","2026-10-10","passed","2026-10-10","com.enterprise.api.tests.booker.CreateBookingTests","Restful-Booker Tests","com.enterprise.api.tests.booker.CreateBookingTests","testCreateBookingWithXssPayload"
"","272","Verify framework handles all standard 2xx, 4xx, and 5xx HTTP response codes accurately","Enterprise API Automation Suite","2026-10-10","passed","2026-10-10","com.enterprise.api.tests.httpbin.HttpStatusCodesTests","HttpBin Protocol Tests","com.enterprise.api.tests.httpbin.HttpStatusCodesTests","testHttpStatusCodes"
"","139","Verify filtering products by category","Enterprise API Automation Suite","2026-10-10","passed","2026-10-10","com.enterprise.api.tests.dummyjson.ProductCrudTests","DummyJSON Tests","com.enterprise.api.tests.dummyjson.ProductCrudTests","testGetProductsByCategory"
"","191","Verify successful login with valid credentials","Enterprise API Automation Suite","2026-10-10","passed","2026-10-10","com.enterprise.api.tests.reqres.ReqresAuthTests","ReqRes Tests","com.enterprise.api.tests.reqres.ReqresAuthTests","testLoginSuccessful"
"","367","Verify filtering booking IDs with query parameters","Enterprise API Automation Suite","2026-10-10","passed","2026-10-10","com.enterprise.api.tests.booker.GetBookingTests","Restful-Booker Tests","com.enterprise.api.tests.booker.GetBookingTests","testFilterBookingIds"
"","471","Verify successful creation of a booking with dynamic random data","Enterprise API Automation Suite","2026-10-10","passed","2026-10-10","com.enterprise.api.tests.booker.CreateBookingTests","Restful-Booker Tests","com.enterprise.api.tests.booker.CreateBookingTests","testCreateBookingWithRandomData"
"","70","Verify retrieving all products returns populated list and default pagination","Enterprise API Automation Suite","2026-10-10","passed","2026-10-10","com.enterprise.api.tests.dummyjson.ProductCrudTests","DummyJSON Tests","com.enterprise.api.tests.dummyjson.ProductCrudTests","testGetAllProducts"
"","348","Verify 404 Not Found for non-existent unknown resource ID","Enterprise API Automation Suite","2026-10-10","passed","2026-10-10","com.enterprise.api.tests.reqres.ReqresAuthTests","ReqRes Tests","com.enterprise.api.tests.reqres.ReqresAuthTests","testGetUnknownResourceNotFound"
"","345","Verify retrieving single unknown resource by ID","Enterprise API Automation Suite","2026-10-10","passed","2026-10-10","com.enterprise.api.tests.reqres.ReqresAuthTests","ReqRes Tests","com.enterprise.api.tests.reqres.ReqresAuthTests","testGetUnknownResourceById"
"","571","Verify content negotiation when requesting XML accept header","Enterprise API Automation Suite","2026-10-10","passed","2026-10-10","com.enterprise.api.tests.booker.GetBookingTests","Restful-Booker Tests","com.enterprise.api.tests.booker.GetBookingTests","testGetBookingWithXmlAcceptHeader"
"","344","Verify authentication behavior with extra unexpected fields","Enterprise API Automation Suite","2026-10-10","passed","2026-10-10","com.enterprise.api.tests.booker.BookerAuthTests","Restful-Booker Tests","com.enterprise.api.tests.booker.BookerAuthTests","testAuthWithExtraFieldsInPayload"
"","128","Verify filtering users by specific attribute criteria","Enterprise API Automation Suite","2026-10-10","passed","2026-10-10","com.enterprise.api.tests.dummyjson.UserManagementTests","DummyJSON Tests","com.enterprise.api.tests.dummyjson.UserManagementTests","testFilterUsers"
"","358","Verify full update of an existing product (PUT)","Enterprise API Automation Suite","2026-10-10","passed","2026-10-10","com.enterprise.api.tests.dummyjson.ProductCrudTests","DummyJSON Tests","com.enterprise.api.tests.dummyjson.ProductCrudTests","testUpdateProduct"
"","1373","Verify retrieving unknown resources list","Enterprise API Automation Suite","2026-10-10","passed","2026-10-10","com.enterprise.api.tests.reqres.ReqresAuthTests","ReqRes Tests","com.enterprise.api.tests.reqres.ReqresAuthTests","testGetUnknownResourcesList"
"","514","Verify updating entire booking (PUT) with valid auth token","Enterprise API Automation Suite","2026-10-10","passed","2026-10-10","com.enterprise.api.tests.booker.UpdateBookingTests","Restful-Booker Tests","com.enterprise.api.tests.booker.UpdateBookingTests","testFullUpdateBookingWithToken"
"","2368","Verify API handling and timeout under simulated network latency (delay=2)","Enterprise API Automation Suite","2026-10-10","passed","2026-10-10","com.enterprise.api.tests.reqres.ReqresUserTests","ReqRes Tests","com.enterprise.api.tests.reqres.ReqresUserTests","testDelayedResponseHandling"
"","512","Verify 403 Forbidden when partial update (PATCH) without auth token","Enterprise API Automation Suite","2026-10-10","passed","2026-10-10","com.enterprise.api.tests.booker.UpdateBookingTests","Restful-Booker Tests","com.enterprise.api.tests.booker.UpdateBookingTests","testPartialUpdateWithoutToken"
"","500","Verify 403 Forbidden when updating booking with invalid auth token","Enterprise API Automation Suite","2026-10-10","passed","2026-10-10","com.enterprise.api.tests.booker.UpdateBookingTests","Restful-Booker Tests","com.enterprise.api.tests.booker.UpdateBookingTests","testUpdateBookingWithInvalidToken"
"","357","Verify HTTP Basic Auth with invalid password returns 401 Unauthorized","Enterprise API Automation Suite","2026-10-10","passed","2026-10-10","com.enterprise.api.tests.httpbin.HttpHeadersAndAuthTests","HttpBin Protocol Tests","com.enterprise.api.tests.httpbin.HttpHeadersAndAuthTests","testBasicAuthInvalidCredentials"
"","128","Verify deletion of a product (DELETE)","Enterprise API Automation Suite","2026-10-10","passed","2026-10-10","com.enterprise.api.tests.dummyjson.ProductCrudTests","DummyJSON Tests","com.enterprise.api.tests.dummyjson.ProductCrudTests","testDeleteProduct"
"","346","Verify creating users with data-driven profiles","Enterprise API Automation Suite","2026-10-10","passed","2026-10-10","com.enterprise.api.tests.reqres.ReqresUserTests","ReqRes Tests","com.enterprise.api.tests.reqres.ReqresUserTests","testCreateUser"
"","118","Verify adding products to cart (POST /carts/add)","Enterprise API Automation Suite","2026-10-10","passed","2026-10-10","com.enterprise.api.tests.dummyjson.CartManagementTests","DummyJSON Tests","com.enterprise.api.tests.dummyjson.CartManagementTests","testAddProductsToCart"
"","160","Verify login failure with incorrect credentials","Enterprise API Automation Suite","2026-10-10","passed","2026-10-10","com.enterprise.api.tests.dummyjson.DummyJsonAuthTests","DummyJSON Tests","com.enterprise.api.tests.dummyjson.DummyJsonAuthTests","testLoginWithInvalidCredentials"
"","136","Verify 404 Not Found for negative user ID","Enterprise API Automation Suite","2026-10-10","passed","2026-10-10","com.enterprise.api.tests.dummyjson.UserManagementTests","DummyJSON Tests","com.enterprise.api.tests.dummyjson.UserManagementTests","testGetUserByNegativeId"
"","196","Verify registration fails with 400 Bad Request when required fields are missing","Enterprise API Automation Suite","2026-10-10","passed","2026-10-10","com.enterprise.api.tests.reqres.ReqresAuthTests","ReqRes Tests","com.enterprise.api.tests.reqres.ReqresAuthTests","testRegisterUnsuccessful"
"Verify that bad credentials return reason 'Bad credentials'","282","Verify authentication failure with invalid or empty credentials","Enterprise API Automation Suite","2026-10-10","passed","2026-10-10","com.enterprise.api.tests.booker.BookerAuthTests","Restful-Booker Tests","com.enterprise.api.tests.booker.BookerAuthTests","testAuthWithInvalidCredentials"
"","133","Verify retrieving single user details by ID","Enterprise API Automation Suite","2026-10-10","passed","2026-10-10","com.enterprise.api.tests.dummyjson.UserManagementTests","DummyJSON Tests","com.enterprise.api.tests.dummyjson.UserManagementTests","testGetUserById"
"","130","Verify product search functionality","Enterprise API Automation Suite","2026-10-10","passed","2026-10-10","com.enterprise.api.tests.dummyjson.ProductCrudTests","DummyJSON Tests","com.enterprise.api.tests.dummyjson.ProductCrudTests","testSearchProducts"
"","177","Verify successful authentication returns valid JWT token and user profile","Enterprise API Automation Suite","2026-10-10","passed","2026-10-10","com.enterprise.api.tests.dummyjson.DummyJsonAuthTests","DummyJSON Tests","com.enterprise.api.tests.dummyjson.DummyJsonAuthTests","testLoginWithValidCredentials"
"","330","Verify login failure with incorrect credentials","Enterprise API Automation Suite","2026-10-10","passed","2026-10-10","com.enterprise.api.tests.dummyjson.DummyJsonAuthTests","DummyJSON Tests","com.enterprise.api.tests.dummyjson.DummyJsonAuthTests","testLoginWithInvalidCredentials"
"","198","Verify login fails with 400 Bad Request on invalid credentials","Enterprise API Automation Suite","2026-10-10","passed","2026-10-10","com.enterprise.api.tests.reqres.ReqresAuthTests","ReqRes Tests","com.enterprise.api.tests.reqres.ReqresAuthTests","testLoginUnsuccessful"
"","139","Verify retrieving current user profile with valid Bearer token","Enterprise API Automation Suite","2026-10-10","passed","2026-10-10","com.enterprise.api.tests.dummyjson.DummyJsonAuthTests","DummyJSON Tests","com.enterprise.api.tests.dummyjson.DummyJsonAuthTests","testGetCurrentUserProfileWithToken"
"","268","Verify booking creation across multiple persona scenarios","Enterprise API Automation Suite","2026-10-10","passed","2026-10-10","com.enterprise.api.tests.booker.CreateBookingTests","Restful-Booker Tests","com.enterprise.api.tests.booker.CreateBookingTests","testCreateBookingDataDriven"
"Verify that bad credentials return reason 'Bad credentials'","271","Verify authentication failure with invalid or empty credentials","Enterprise API Automation Suite","2026-10-10","passed","2026-10-10","com.enterprise.api.tests.booker.BookerAuthTests","Restful-Booker Tests","com.enterprise.api.tests.booker.BookerAuthTests","testAuthWithInvalidCredentials"
"","129","Verify retrieving all categories","Enterprise API Automation Suite","2026-10-10","passed","2026-10-10","com.enterprise.api.tests.dummyjson.ProductCrudTests","DummyJSON Tests","com.enterprise.api.tests.dummyjson.ProductCrudTests","testGetProductCategories"
"","144","Verify adding a product with extreme string length for description","Enterprise API Automation Suite","2026-10-10","passed","2026-10-10","com.enterprise.api.tests.dummyjson.ProductValidationTests","DummyJSON Tests","com.enterprise.api.tests.dummyjson.ProductValidationTests","testAddProductLargeDescription"
"","731","Verify retrieving all booking IDs returns non-empty list","Enterprise API Automation Suite","2026-10-10","passed","2026-10-10","com.enterprise.api.tests.booker.GetBookingTests","Restful-Booker Tests","com.enterprise.api.tests.booker.GetBookingTests","testGetAllBookingIds"
"","292","Verify booking creation across multiple persona scenarios","Enterprise API Automation Suite","2026-10-10","passed","2026-10-10","com.enterprise.api.tests.booker.CreateBookingTests","Restful-Booker Tests","com.enterprise.api.tests.booker.CreateBookingTests","testCreateBookingDataDriven"
"","148","Verify sorting products by price in ascending order","Enterprise API Automation Suite","2026-10-10","passed","2026-10-10","com.enterprise.api.tests.dummyjson.ProductCrudTests","DummyJSON Tests","com.enterprise.api.tests.dummyjson.ProductCrudTests","testSortProductsByPriceAscending"
"","301","Verify POST method echoes JSON request payload properly","Enterprise API Automation Suite","2026-10-10","passed","2026-10-10","com.enterprise.api.tests.httpbin.HttpMethodsTests","HttpBin Protocol Tests","com.enterprise.api.tests.httpbin.HttpMethodsTests","testHttpPostWithJsonPayload"
"","298","Verify framework handles all standard 2xx, 4xx, and 5xx HTTP response codes accurately","Enterprise API Automation Suite","2026-10-10","passed","2026-10-10","com.enterprise.api.tests.httpbin.HttpStatusCodesTests","HttpBin Protocol Tests","com.enterprise.api.tests.httpbin.HttpStatusCodesTests","testHttpStatusCodes"
"","112","Verify searching users by keyword query","Enterprise API Automation Suite","2026-10-10","passed","2026-10-10","com.enterprise.api.tests.dummyjson.UserManagementTests","DummyJSON Tests","com.enterprise.api.tests.dummyjson.UserManagementTests","testSearchUsers"
"Verify that bad credentials return reason 'Bad credentials'","274","Verify authentication failure with invalid or empty credentials","Enterprise API Automation Suite","2026-10-10","passed","2026-10-10","com.enterprise.api.tests.booker.BookerAuthTests","Restful-Booker Tests","com.enterprise.api.tests.booker.BookerAuthTests","testAuthWithInvalidCredentials"
"","381","Verify creating users with data-driven profiles","Enterprise API Automation Suite","2026-10-10","passed","2026-10-10","com.enterprise.api.tests.reqres.ReqresUserTests","ReqRes Tests","com.enterprise.api.tests.reqres.ReqresUserTests","testCreateUser"
"","261","Verify health check ping endpoint","Enterprise API Automation Suite","2026-10-10","passed","2026-10-10","com.enterprise.api.tests.booker.BookerAuthTests","Restful-Booker Tests","com.enterprise.api.tests.booker.BookerAuthTests","testPingHealthCheck"
"","527","Verify updating entire booking (PUT) with Basic Authentication","Enterprise API Automation Suite","2026-10-10","passed","2026-10-10","com.enterprise.api.tests.booker.UpdateBookingTests","Restful-Booker Tests","com.enterprise.api.tests.booker.UpdateBookingTests","testFullUpdateBookingWithBasicAuth"
"","282","Verify framework handles all standard 2xx, 4xx, and 5xx HTTP response codes accurately","Enterprise API Automation Suite","2026-10-10","passed","2026-10-10","com.enterprise.api.tests.httpbin.HttpStatusCodesTests","HttpBin Protocol Tests","com.enterprise.api.tests.httpbin.HttpStatusCodesTests","testHttpStatusCodes"
"","132","Verify pagination with variable limit and skip parameters","Enterprise API Automation Suite","2026-10-10","passed","2026-10-10","com.enterprise.api.tests.dummyjson.ProductCrudTests","DummyJSON Tests","com.enterprise.api.tests.dummyjson.ProductCrudTests","testProductPagination"
"","508","Verify framework handles all standard 2xx, 4xx, and 5xx HTTP response codes accurately","Enterprise API Automation Suite","2026-10-10","passed","2026-10-10","com.enterprise.api.tests.httpbin.HttpStatusCodesTests","HttpBin Protocol Tests","com.enterprise.api.tests.httpbin.HttpStatusCodesTests","testHttpStatusCodes"
"","64","Verify that all returned products have rating within valid scale (0.0 to 5.0)","Enterprise API Automation Suite","2026-10-10","passed","2026-10-10","com.enterprise.api.tests.dummyjson.ProductValidationTests","DummyJSON Tests","com.enterprise.api.tests.dummyjson.ProductValidationTests","testProductRatingRange"
"","336","Verify retrieving single user by ID and validating contract schema","Enterprise API Automation Suite","2026-10-10","passed","2026-10-10","com.enterprise.api.tests.reqres.ReqresUserTests","ReqRes Tests","com.enterprise.api.tests.reqres.ReqresUserTests","testGetSingleUserById"
"","282","Verify propagation of enterprise HTTP headers","Enterprise API Automation Suite","2026-10-10","passed","2026-10-10","com.enterprise.api.tests.httpbin.HttpHeadersAndAuthTests","HttpBin Protocol Tests","com.enterprise.api.tests.httpbin.HttpHeadersAndAuthTests","testCustomHeadersReflection"
"","751","Verify 403 Forbidden when deleting booking without auth token","Enterprise API Automation Suite","2026-10-10","passed","2026-10-10","com.enterprise.api.tests.booker.DeleteBookingTests","Restful-Booker Tests","com.enterprise.api.tests.booker.DeleteBookingTests","testDeleteBookingWithoutToken"
"","119","Verify 404 Not Found when retrieving non-existent cart ID","Enterprise API Automation Suite","2026-10-10","passed","2026-10-10","com.enterprise.api.tests.dummyjson.CartManagementTests","DummyJSON Tests","com.enterprise.api.tests.dummyjson.CartManagementTests","testGetCartByNonExistentId"
"Verify that valid admin credentials return 200 OK and an alphanumeric token","273","Verify successful token creation with valid credentials","Enterprise API Automation Suite","2026-10-10","passed","2026-10-10","com.enterprise.api.tests.booker.BookerAuthTests","Restful-Booker Tests","com.enterprise.api.tests.booker.BookerAuthTests","testAuthWithValidCredentials"
"","70","Verify retrieving single product by valid ID","Enterprise API Automation Suite","2026-10-10","passed","2026-10-10","com.enterprise.api.tests.dummyjson.ProductCrudTests","DummyJSON Tests","com.enterprise.api.tests.dummyjson.ProductCrudTests","testGetProductById"
"","125","Verify product search functionality","Enterprise API Automation Suite","2026-10-10","passed","2026-10-10","com.enterprise.api.tests.dummyjson.ProductCrudTests","DummyJSON Tests","com.enterprise.api.tests.dummyjson.ProductCrudTests","testSearchProducts"
"","255","Verify booking creation across multiple persona scenarios","Enterprise API Automation Suite","2026-10-10","passed","2026-10-10","com.enterprise.api.tests.booker.CreateBookingTests","Restful-Booker Tests","com.enterprise.api.tests.booker.CreateBookingTests","testCreateBookingDataDriven"
"","210","Verify full update of a user using PUT","Enterprise API Automation Suite","2026-10-10","passed","2026-10-10","com.enterprise.api.tests.reqres.ReqresUserTests","ReqRes Tests","com.enterprise.api.tests.reqres.ReqresUserTests","testUpdateUserPut"
"","114","Verify 404 Not Found for non-existent user ID","Enterprise API Automation Suite","2026-10-10","passed","2026-10-10","com.enterprise.api.tests.dummyjson.UserManagementTests","DummyJSON Tests","com.enterprise.api.tests.dummyjson.UserManagementTests","testGetUserByNonExistentId"
"","323","Verify 401 Unauthorized when retrieving profile with malformed token","Enterprise API Automation Suite","2026-10-10","passed","2026-10-10","com.enterprise.api.tests.dummyjson.DummyJsonAuthTests","DummyJSON Tests","com.enterprise.api.tests.dummyjson.DummyJsonAuthTests","testGetCurrentUserWithInvalidToken"
"","281","Verify framework handles all standard 2xx, 4xx, and 5xx HTTP response codes accurately","Enterprise API Automation Suite","2026-10-10","passed","2026-10-10","com.enterprise.api.tests.httpbin.HttpStatusCodesTests","HttpBin Protocol Tests","com.enterprise.api.tests.httpbin.HttpStatusCodesTests","testHttpStatusCodes"
"","206","Verify login fails with 400 Bad Request on invalid credentials","Enterprise API Automation Suite","2026-10-10","passed","2026-10-10","com.enterprise.api.tests.reqres.ReqresAuthTests","ReqRes Tests","com.enterprise.api.tests.reqres.ReqresAuthTests","testLoginUnsuccessful"
"","251","Verify deleting non-existent booking returns 405 Method Not Allowed","Enterprise API Automation Suite","2026-10-10","passed","2026-10-10","com.enterprise.api.tests.booker.DeleteBookingTests","Restful-Booker Tests","com.enterprise.api.tests.booker.DeleteBookingTests","testDeleteNonExistentBooking"
"","436","Verify booking creation with inverted dates (checkout before checkin)","Enterprise API Automation Suite","2026-10-10","passed","2026-10-10","com.enterprise.api.tests.booker.CreateBookingTests","Restful-Booker Tests","com.enterprise.api.tests.booker.CreateBookingTests","testCreateBookingWithInvertedDates"
"","116","Verify adding a product with huge price value","Enterprise API Automation Suite","2026-10-10","passed","2026-10-10","com.enterprise.api.tests.dummyjson.ProductValidationTests","DummyJSON Tests","com.enterprise.api.tests.dummyjson.ProductValidationTests","testAddProductHighPrice"
"","136","Verify pagination with variable limit and skip parameters","Enterprise API Automation Suite","2026-10-10","passed","2026-10-10","com.enterprise.api.tests.dummyjson.ProductCrudTests","DummyJSON Tests","com.enterprise.api.tests.dummyjson.ProductCrudTests","testProductPagination"
"","514","Verify 403 Forbidden when updating booking without auth token","Enterprise API Automation Suite","2026-10-10","passed","2026-10-10","com.enterprise.api.tests.booker.UpdateBookingTests","Restful-Booker Tests","com.enterprise.api.tests.booker.UpdateBookingTests","testUpdateBookingWithoutToken"
"","254","Verify querying booking with negative ID returns 404","Enterprise API Automation Suite","2026-10-10","passed","2026-10-10","com.enterprise.api.tests.booker.GetBookingTests","Restful-Booker Tests","com.enterprise.api.tests.booker.GetBookingTests","testGetBookingByNegativeId"
"","150","Verify filtering users by specific attribute criteria","Enterprise API Automation Suite","2026-10-10","passed","2026-10-10","com.enterprise.api.tests.dummyjson.UserManagementTests","DummyJSON Tests","com.enterprise.api.tests.dummyjson.UserManagementTests","testFilterUsers"
"","282","Verify framework handles all standard 2xx, 4xx, and 5xx HTTP response codes accurately","Enterprise API Automation Suite","2026-10-10","passed","2026-10-10","com.enterprise.api.tests.httpbin.HttpStatusCodesTests","HttpBin Protocol Tests","com.enterprise.api.tests.httpbin.HttpStatusCodesTests","testHttpStatusCodes"
"","279","Verify framework handles all standard 2xx, 4xx, and 5xx HTTP response codes accurately","Enterprise API Automation Suite","2026-10-10","passed","2026-10-10","com.enterprise.api.tests.httpbin.HttpStatusCodesTests","HttpBin Protocol Tests","com.enterprise.api.tests.httpbin.HttpStatusCodesTests","testHttpStatusCodes"
"","745","Verify deleting an already deleted booking returns 405 Method Not Allowed","Enterprise API Automation Suite","2026-10-10","passed","2026-10-10","com.enterprise.api.tests.booker.DeleteBookingTests","Restful-Booker Tests","com.enterprise.api.tests.booker.DeleteBookingTests","testDoubleDeleteBooking"
"Verify that bad credentials return reason 'Bad credentials'","288","Verify authentication failure with invalid or empty credentials","Enterprise API Automation Suite","2026-10-10","passed","2026-10-10","com.enterprise.api.tests.booker.BookerAuthTests","Restful-Booker Tests","com.enterprise.api.tests.booker.BookerAuthTests","testAuthWithInvalidCredentials"
"","261","Verify API handling when required booking fields are missing","Enterprise API Automation Suite","2026-10-10","passed","2026-10-10","com.enterprise.api.tests.booker.CreateBookingTests","Restful-Booker Tests","com.enterprise.api.tests.booker.CreateBookingTests","testCreateBookingWithMissingFields"
"Verify that bad credentials return reason 'Bad credentials'","271","Verify authentication failure with invalid or empty credentials","Enterprise API Automation Suite","2026-10-10","passed","2026-10-10","com.enterprise.api.tests.booker.BookerAuthTests","Restful-Booker Tests","com.enterprise.api.tests.booker.BookerAuthTests","testAuthWithInvalidCredentials"
"","256","Verify 404 Not Found when querying non-existent booking ID","Enterprise API Automation Suite","2026-10-10","passed","2026-10-10","com.enterprise.api.tests.booker.GetBookingTests","Restful-Booker Tests","com.enterprise.api.tests.booker.GetBookingTests","testGetBookingByNonExistentId"
"","115","Verify login failure with incorrect credentials","Enterprise API Automation Suite","2026-10-10","passed","2026-10-10","com.enterprise.api.tests.dummyjson.DummyJsonAuthTests","DummyJSON Tests","com.enterprise.api.tests.dummyjson.DummyJsonAuthTests","testLoginWithInvalidCredentials"
"","194","Verify registration fails with 400 Bad Request when required fields are missing","Enterprise API Automation Suite","2026-10-10","passed","2026-10-10","com.enterprise.api.tests.reqres.ReqresAuthTests","ReqRes Tests","com.enterprise.api.tests.reqres.ReqresAuthTests","testRegisterUnsuccessful"
"","287","Verify framework handles all standard 2xx, 4xx, and 5xx HTTP response codes accurately","Enterprise API Automation Suite","2026-10-10","passed","2026-10-10","com.enterprise.api.tests.httpbin.HttpStatusCodesTests","HttpBin Protocol Tests","com.enterprise.api.tests.httpbin.HttpStatusCodesTests","testHttpStatusCodes"
"","124","Verify retrieving all carts returns populated list","Enterprise API Automation Suite","2026-10-10","passed","2026-10-10","com.enterprise.api.tests.dummyjson.CartManagementTests","DummyJSON Tests","com.enterprise.api.tests.dummyjson.CartManagementTests","testGetAllCarts"
"Executes full lifecycle of a hotel reservation from booking creation to deletion and verification.","1763","E2E Complete Lifecycle: Auth -> Create -> Read -> Full Update -> Partial Update -> Delete -> Verify 404","Enterprise API Automation Suite","2026-10-10","passed","2026-10-10","com.enterprise.api.tests.e2e.E2EBookingLifecycleTest","End-to-End Business Scenarios","com.enterprise.api.tests.e2e.E2EBookingLifecycleTest","testCompleteBookingLifecycle"
"","279","Verify propagation of enterprise HTTP headers","Enterprise API Automation Suite","2026-10-10","passed","2026-10-10","com.enterprise.api.tests.httpbin.HttpHeadersAndAuthTests","HttpBin Protocol Tests","com.enterprise.api.tests.httpbin.HttpHeadersAndAuthTests","testCustomHeadersReflection"
"","279","Verify framework handles all standard 2xx, 4xx, and 5xx HTTP response codes accurately","Enterprise API Automation Suite","2026-10-10","passed","2026-10-10","com.enterprise.api.tests.httpbin.HttpStatusCodesTests","HttpBin Protocol Tests","com.enterprise.api.tests.httpbin.HttpStatusCodesTests","testHttpStatusCodes"
"","255","Verify filtering booking IDs with query parameters","Enterprise API Automation Suite","2026-10-10","passed","2026-10-10","com.enterprise.api.tests.booker.GetBookingTests","Restful-Booker Tests","com.enterprise.api.tests.booker.GetBookingTests","testFilterBookingIds"
"","272","Verify framework handles all standard 2xx, 4xx, and 5xx HTTP response codes accurately","Enterprise API Automation Suite","2026-10-10","passed","2026-10-10","com.enterprise.api.tests.httpbin.HttpStatusCodesTests","HttpBin Protocol Tests","com.enterprise.api.tests.httpbin.HttpStatusCodesTests","testHttpStatusCodes"
"","256","Verify API handling when required booking fields are missing","Enterprise API Automation Suite","2026-10-10","passed","2026-10-10","com.enterprise.api.tests.booker.CreateBookingTests","Restful-Booker Tests","com.enterprise.api.tests.booker.CreateBookingTests","testCreateBookingWithMissingFields"
"","288","Verify framework handles all standard 2xx, 4xx, and 5xx HTTP response codes accurately","Enterprise API Automation Suite","2026-10-10","passed","2026-10-10","com.enterprise.api.tests.httpbin.HttpStatusCodesTests","HttpBin Protocol Tests","com.enterprise.api.tests.httpbin.HttpStatusCodesTests","testHttpStatusCodes"
"","268","Verify filtering booking IDs with query parameters","Enterprise API Automation Suite","2026-10-10","passed","2026-10-10","com.enterprise.api.tests.booker.GetBookingTests","Restful-Booker Tests","com.enterprise.api.tests.booker.GetBookingTests","testFilterBookingIds"
"Verify that bad credentials return reason 'Bad credentials'","270","Verify authentication failure with invalid or empty credentials","Enterprise API Automation Suite","2026-10-10","passed","2026-10-10","com.enterprise.api.tests.booker.BookerAuthTests","Restful-Booker Tests","com.enterprise.api.tests.booker.BookerAuthTests","testAuthWithInvalidCredentials"
"","350","Verify user pagination returns correct page and record counts","Enterprise API Automation Suite","2026-10-10","passed","2026-10-10","com.enterprise.api.tests.reqres.ReqresUserTests","ReqRes Tests","com.enterprise.api.tests.reqres.ReqresUserTests","testGetUsersPagination"
"","258","Verify booking creation across multiple persona scenarios","Enterprise API Automation Suite","2026-10-10","passed","2026-10-10","com.enterprise.api.tests.booker.CreateBookingTests","Restful-Booker Tests","com.enterprise.api.tests.booker.CreateBookingTests","testCreateBookingDataDriven"
