"BROKEN","EPIC","FAILED","FEATURE","PASSED","SKIPPED","STORY","UNKNOWN"
"0","HttpBin Utility Service","0","HTTP Protocol & Status Codes","14","0","Status Code Validation","0"
"0","DummyJSON Microservice","0","Shopping Cart & Checkout","1","0","Cart Details & Schema","0"
"0","End-to-End Business Scenarios","0","Booking Lifecycle Management","1","0","Complete Booking Flow","0"
"0","DummyJSON Microservice","0","Shopping Cart & Checkout","1","0","Cart Mathematical Verification","0"
"0","ReqRes Mock Microservice","0","User Resource Lifecycle","1","0","Update User (PUT)","0"
"0","HttpBin Utility Service","0","HTTP Verbs & Payload Echoing","1","0","HTTP GET","0"
"0","DummyJSON Microservice","0","Authentication & JWT Management","5","0","Negative Login","0"
"0","Restful-Booker Microservice","0","Booking Management","5","0","Create Booking - Negative Validation","0"
"0","DummyJSON Microservice","0","User Profile & Directory Management","1","0","User Data Integrity","0"
"0","Restful-Booker Microservice","0","Authentication & Token Generation","7","0","Negative Authentication","0"
"0","ReqRes Mock Microservice","0","User Resource Lifecycle","2","0","User Pagination","0"
"0","DummyJSON Microservice","0","Product Data Validation & Integrity","1","0","Stock Quantity Validation","0"
"0","DummyJSON Microservice","0","User Profile & Directory Management","4","0","User Filtering","0"
"0","ReqRes Mock Microservice","0","User Resource Lifecycle","1","0","User Details - Negative","0"
"0","DummyJSON Microservice","0","Product Catalog Management","1","0","Product Details - Negative","0"
"0","DummyJSON Microservice","0","Shopping Cart & Checkout","1","0","Cart Details - Negative","0"
"0","DummyJSON Microservice","0","Product Catalog Management","5","0","Product Search","0"
"0","DummyJSON Microservice","0","Authentication & JWT Management","1","0","Current User Profile","0"
"0","DummyJSON Microservice","0","Shopping Cart & Checkout","1","0","Add to Cart","0"
"0","DummyJSON Microservice","0","Shopping Cart & Checkout","1","0","User Carts","0"
"0","DummyJSON Microservice","0","User Profile & Directory Management","1","0","User Details - Negative","0"
"0","Restful-Booker Microservice","0","Booking Deletion","1","0","Delete Non-Existent","0"
"0","ReqRes Mock Microservice","0","Authentication & Resources","3","0","User Login - Negative","0"
"0","Restful-Booker Microservice","0","Booking Retrieval & Queries","1","0","Query Booking IDs","0"
"0","DummyJSON Microservice","0","Product Catalog Management","4","0","Product Filtering","0"
"0","Restful-Booker Microservice","0","Authentication & Token Generation","1","0","Positive Authentication","0"
"0","ReqRes Mock Microservice","0","Authentication & Resources","1","0","Resource Details","0"
"0","DummyJSON Microservice","0","Authentication & JWT Management","1","0","Positive Login","0"
"0","Restful-Booker Microservice","0","Authentication & Token Generation","1","0","Health Check","0"
"0","Restful-Booker Microservice","0","Booking Management","4","0","Create Booking - Data Driven","0"
"0","DummyJSON Microservice","0","Product Catalog Management","1","0","Product Details","0"
"0","DummyJSON Microservice","0","Product Data Validation & Integrity","2","0","Boundary Validation","0"
"0","Restful-Booker Microservice","0","Booking Retrieval & Queries","1","0","Content Negotiation","0"
"0","ReqRes Mock Microservice","0","User Resource Lifecycle","5","0","Create User","0"
"0","Restful-Booker Microservice","0","Booking Deletion","1","0","Security - Invalid Token Deletion","0"
"0","DummyJSON Microservice","0","Product Catalog Management","1","0","Update Product","0"
"0","DummyJSON Microservice","0","User Profile & Directory Management","1","0","User Details - Boundary","0"
"0","DummyJSON Microservice","0","User Profile & Directory Management","1","0","User Directory","0"
"0","Restful-Booker Microservice","0","Booking Retrieval & Queries","5","0","Query Booking IDs - Filtering","0"
"0","Restful-Booker Microservice","0","Booking Updates (PUT & PATCH)","1","0","Full Update (PUT) - Basic Auth","0"
"0","Restful-Booker Microservice","0","Booking Management","1","0","Create Booking","0"
"0","Restful-Booker Microservice","0","Booking Deletion","1","0","Delete Booking","0"
"0","Restful-Booker Microservice","0","Booking Retrieval & Queries","1","0","Get Booking Details","0"
"0","Restful-Booker Microservice","0","Authentication & Token Generation","1","0","Security & Boundary","0"
"0","ReqRes Mock Microservice","0","Authentication & Resources","4","0","User Registration - Negative","0"
"0","DummyJSON Microservice","0","Product Catalog Management","1","0","Product Sorting","0"
"0","DummyJSON Microservice","0","Product Catalog Management","5","0","Product Pagination","0"
"0","Restful-Booker Microservice","0","Booking Retrieval & Queries","2","0","Get Booking Details - Negative","0"
"0","Restful-Booker Microservice","0","Booking Updates (PUT & PATCH)","2","0","Partial Update (PATCH)","0"
"0","Restful-Booker Microservice","0","Booking Retrieval & Queries","1","0","Get Booking Details - Boundary","0"
"0","Restful-Booker Microservice","0","Booking Management","1","0","Create Booking - Business Logic","0"
"0","DummyJSON Microservice","0","Authentication & JWT Management","1","0","Security - Invalid Token","0"
"0","DummyJSON Microservice","0","Product Catalog Management","1","0","Partial Update Product","0"
"0","HttpBin Utility Service","0","HTTP Headers & Security Schemas","4","0","Header Propagation","0"
"0","DummyJSON Microservice","0","User Profile & Directory Management","1","0","User Search","0"
"0","End-to-End Business Scenarios","0","E-Commerce Order & Shopping Journey","1","0","Complete E-Commerce Flow","0"
"0","ReqRes Mock Microservice","0","User Resource Lifecycle","1","0","Update User (PATCH)","0"
"0","HttpBin Utility Service","0","HTTP Headers & Security Schemas","1","0","Bearer Token Authentication","0"
"0","DummyJSON Microservice","0","Shopping Cart & Checkout","1","0","Cart Listing","0"
"0","ReqRes Mock Microservice","0","Authentication & Resources","1","0","Resource Details - Negative","0"
"0","Restful-Booker Microservice","0","Booking Management","1","0","Create Booking - Boundary","0"
"0","HttpBin Utility Service","0","HTTP Verbs & Payload Echoing","1","0","HTTP DELETE","0"
"0","ReqRes Mock Microservice","0","User Resource Lifecycle","1","0","Delete User","0"
"0","Restful-Booker Microservice","0","Booking Management","1","0","Create Booking - Security & Sanitization","0"
"0","HttpBin Utility Service","0","HTTP Headers & Security Schemas","1","0","Basic Authentication - Negative","0"
"0","DummyJSON Microservice","0","Authentication & JWT Management","1","0","Token Refresh","0"
"0","HttpBin Utility Service","0","HTTP Verbs & Payload Echoing","1","0","HTTP PUT","0"
"0","ReqRes Mock Microservice","0","User Resource Lifecycle","1","0","Performance & Latency Resilience","0"
"0","DummyJSON Microservice","0","Product Catalog Management","1","0","Product Categories","0"
"0","Restful-Booker Microservice","0","Booking Updates (PUT & PATCH)","1","0","Security - Invalid Token Update","0"
"0","DummyJSON Microservice","0","Product Data Validation & Integrity","1","0","Rating Range Validation","0"
"0","Restful-Booker Microservice","0","Authentication & Token Generation","1","0","Security & Malformed Payloads","0"
"0","HttpBin Utility Service","0","HTTP Headers & Security Schemas","1","0","Bearer Token Authentication - Negative","0"
"0","DummyJSON Microservice","0","Product Data Validation & Integrity","1","0","Boundary Validation - Payload Size","0"
"0","HttpBin Utility Service","0","HTTP Verbs & Payload Echoing","1","0","HTTP PATCH","0"
"0","HttpBin Utility Service","0","HTTP Headers & Security Schemas","1","0","Basic Authentication","0"
"0","ReqRes Mock Microservice","0","User Resource Lifecycle","1","0","User Details & Contract","0"
"0","Restful-Booker Microservice","0","Booking Updates (PUT & PATCH)","1","0","Security - Unauthorized PATCH","0"
"0","Restful-Booker Microservice","0","Booking Deletion","1","0","Security - Unauthorized Deletion","0"
"0","DummyJSON Microservice","0","Product Catalog Management","1","0","Create Product","0"
"0","DummyJSON Microservice","0","Product Catalog Management","1","0","Delete Product","0"
"0","HttpBin Utility Service","0","HTTP Verbs & Payload Echoing","1","0","HTTP POST","0"
"0","DummyJSON Microservice","0","Product Catalog Management","1","0","Product Listing","0"
"0","DummyJSON Microservice","0","User Profile & Directory Management","1","0","User Details","0"
"0","Restful-Booker Microservice","0","Booking Management","1","0","Create Booking - Security","0"
"0","Restful-Booker Microservice","0","Booking Updates (PUT & PATCH)","1","0","Security - Unauthorized Update","0"
"0","Restful-Booker Microservice","0","Booking Updates (PUT & PATCH)","1","0","Full Update (PUT)","0"
"0","DummyJSON Microservice","0","Shopping Cart & Checkout","1","0","Delete Cart","0"
"0","ReqRes Mock Microservice","0","Authentication & Resources","1","0","User Login","0"
"0","ReqRes Mock Microservice","0","Authentication & Resources","1","0","Resource Listing","0"
"0","Restful-Booker Microservice","0","Booking Deletion","1","0","Idempotency & Double Deletion","0"
"0","DummyJSON Microservice","0","Authentication & JWT Management","1","0","Security - Unauthorized Access","0"
"0","HttpBin Utility Service","0","HTTP Headers & Security Schemas","1","0","User-Agent Header","0"
"0","ReqRes Mock Microservice","0","Authentication & Resources","1","0","User Registration","0"
